{
    "Navbar":{
        "home":"होम ",
        "about":"अबाउट",
        "downloadBrochure":"डाउनलोड ब्रोचुरे"
    },
    "Hero":{
        "title":"हमारा घर हमें परिभाषित करता है",
        "description":"रेवेंटा होम्स एक परियोजना है जिसे रिशभदेव बिल्डर्स और डेवेलपर्स द्वारा बनाया गया है। उन्होंने समय के साथ चलने वाले डिज़ाइन के साथ घर बनाए हैं। वे घर बनाते हैं जो आपके सपनों से परे हैं।",
        "buttons":{
            "Orchid":"ओर्चिद ",
            "Tulip":"टूलिप ",
            "Iris":"आइरिस "
        }
    },
    "Features":{
        "title":"पूर्ण सुविधाएँ",
        "description":"ये घर सभी मौलिक सुविधाएँ शामिल करते हैं और नवीनतम तकनीक के हैं। हमारे घर के योजनाएँ मौलिक हैं और एक निवासी के दृष्टिकोण के अनुसार डिज़ाइन की गई हैं। हम अपने सभी घरों को अपने ही तरीके से बनाते हैं। हमारा लक्ष्य है ऐसे घर बनाना जो आपको योग्यता का अनुभव दें।",
        "SeeMore":"और देखें",
        "Park":{
            "Park1":"पार्क1  ",
            "Park2":"पार्क2 ",
            "Park3":"पार्क3 ",
            "park4":"पार्क4"
        }
    },
    "Explore":{
        "Buttons":{
            "Orchid":"ओर्चिद",
            "Tulip":"टूलिप",
            "Iris":"आइरिस",
            "viewPrice":"मूल्य देखें"
        },
        "Orchid":{
              "direction":"25x50 प्लॉट क्षेत्र (पश्चिम)",
              "size":"1250 वर्ग फुट",
              "area":"सुपर बिल्टअप क्षेत्र",
              "sqft":"2,097 वर्ग फुट"
        },
        "Tulip":{
            "direction":"25x50 प्लॉट क्षेत्र (पश्चिम)",
              "size":"1250 वर्ग फुट",
              "area":"सुपर बिल्टअप क्षेत्र",
              "sqft":"2,097 वर्ग फुट"
        },
        "Iris":{
            "direction":"25x50 प्लॉट क्षेत्र (पश्चिम)",
              "size":"1250 वर्ग फुट",
              "area":"सुपर बिल्टअप क्षेत्र",
              "sqft":"2,097 वर्ग फुट"
        },
        "Options":{
            "name":"नाम ",
            "email":"ईमेल",
            "phone":"फ़ोन "
        }
    },



    "Footer":{
        "title":"प्राकृतिक सुंदरता के करीब",
        "address":"रेवेंटा होम्स, रानीपुर रोड, गौथाना, बेतुल (मध्य प्रदेश)",
        "Contact":"हमसे संपर्क करें",
        "links":"हमारा सोशल मीडिया"
    },
    "Contact":{
        "title":"प्राकृतिक सुंदरता के करीब",
        "address":"रेवेंटा होम्स, रानीपुर रोड, गौथाना, बेतुल (मध्य प्रदेश)",
        "placeholders":{
            "name":"नाम ",
            "email":"ईमेल",
            "phone":"फ़ोन ",
            "message":"मेसिज"
        },
        "checkbox":"मैं सहमत हूँ कि मेरा प्रस्तुत किया गया डेटा एकत्र किया और संग्रहित किया जा रहा है।",
        "button":"मैसेज भेजे "
    },
    "Location":{
        "title":"रणनीतिक स्थान",
        "address":"एक असाधारण आवासीय अनुभव प्रस्तुत करता है, अपने जीवन का अनुभव सकारात्मक बनाएं।"
    },
    "Amenties":{
        "title":"पूर्ण सुविधाएँ",
        "description":"ये घर सभी मौलिक सुविधाएँ शामिल करते हैं और नवीनतम तकनीक के हैं। हमारे घर के योजनाएँ मौलिक हैं और एक निवासी के दृष्टिकोण के अनुसार डिज़ाइन की गई हैं। हम अपने सभी घरों को अपने ही तरीके से बनाते हैं। हमारा लक्ष्य है ऐसे घर बनाना जो आपको योग्यता का अनुभव दें।",
        "Buttons":{
            "btn1":"बच्चों के खेलने का क्षेत्र",
            "btn2":"इंडोर और आउटडोर खेल",
            "btn3":"जिम्नेसियम",
            "btn4":"बैडमिंटन कोर्ट",
            "btn5":"समुदायिक स्थान",
            "btn6":"24x7 सुरक्षा",
            "btn7":"सुरक्षा गार्ड",
            "btn8":"वर्षा जल संग्रहण",
            "btn9":"वर्षा जल संग्रहण ",
            "btn10":"अंडरग्राउंड ड्रेनेज"
            
        }
    },
    "Specification":{
        "title":"विशेषण",
        "description":"हम आपको आश्वासन देते हैं कि आप हमसे हमारी सर्वश्रेष्ठ सेवा प्राप्त करेंगे, क्योंकि यही हम हमसे उम्मीद करते हैं।",
        "Buttons":{
           "image1":{
            "title":"संरचना",
            "description":"भूकंप सहिष्णु संरचना जो आर्किटेक्चर के डिज़ाइन के अनुसार आकर्षक उच्चता के साथ है।"
           },
           "image2":{
            "title":"दीवार परिसंपन्न",
            "description":"अंदरीय दीवार प्लास्टर जो डबल कोट पट्टी समाप्ति के साथ है। बाह्य दीवारों पर टेक्सचर और एक्रिलिक पेंट के साथ डबल कोट प्लास्टर।"
           },
           "image3":{
            "title":"दरवाजे और खिड़कियाँ",
            "description":"मुख्य दरवाजा: डिज़ाइनर फ्लश दरवाजा वुडन फ्रेम और नैचुरल विनियर के साथ। मोटराइज्ड मुख्य दरवाजा लॉक। सभी आंतरिक दरवाजा लॉक, स्टॉपर्स और हिंजेस (Godrej या समकक्ष ब्रांड)। आंतरिक लैमिनेटेड फ्लश दरवाज़े। प्रीमियम गुणवत्ता के UPVC खिड़कियाँ।"
           },
           "image4":{
            "title":"दरवाजे और खिड़कियाँ",
            "description":"मुख्य दरवाजा: डिज़ाइनर फ्लश दरवाजा वुडन फ्रेम और नैचुरल विनियर के साथ। मोटराइज्ड मुख्य दरवाजा लॉक। सभी आंतरिक दरवाजा लॉक, स्टॉपर्स और हिंजेस (Godrej या समकक्ष ब्रांड)। आंतरिक लैमिनेटेड फ्लश दरवाज़े। प्रीमियम गुणवत्ता के UPVC खिड़कियाँ।"
           }

        }
    }


}